Company_name,Company_size,Img_Url,Industry,Job_function,Job_type,Location,Salary,Title,apply_link
Pilot Flying J,10000+ Employees,"/static/img/banners/default-ei-banner.jpg,https://media.glassdoor.com/sql/5534/pilot-flying-j-squarelogo-1594837448527.png",Retail,general manager,Full-time,"Bismarck, ND",$36K - $81K ,Retail General Manager - Relocation Required,Easy Apply
Midnite Express,N/A,/static/img/banners/default-ei-banner.jpg,N/A,owner operator,Full-time,"Bismarck, ND",,Class A CDL Truck Drivers - OTR Drivers & Owner Operators,https://www.glassdoor.com/partner/jobListing.htm?pos=109&ao=1044077&s=58&guid=000001776d5c7cce8777ecb03647cfd5&src=GD_JOB_VIEW&t=SR&vt=w&cs=1_7d23faa6&cb=1612447520059&jobListingId=3812482227
Talkspace,51 to 200 Employees,"/static/img/banners/default-ei-banner.jpg,https://media.glassdoor.com/sql/1284778/talkspace-squarelogo-1497516850457.png",Health Care,mental health counselor,Full-time,"Bismarck, ND",$23K - $39K ,Mental Health Counselor,https://www.glassdoor.com/partner/jobListing.htm?pos=107&ao=1044074&s=58&guid=000001776d5c7cce8777ecb03647cfd5&src=GD_JOB_VIEW&t=SR&vt=w&cs=1_76e865b4&cb=1612447520080&jobListingId=3771926026
Talkspace,51 to 200 Employees,"/static/img/banners/default-ei-banner.jpg,https://media.glassdoor.com/sql/1284778/talkspace-squarelogo-1497516850457.png",Health Care,mental health counselor,Full-time,"Bismarck, ND",$23K - $39K ,Mental Health Counselor,https://www.glassdoor.com/partner/jobListing.htm?pos=107&ao=1044074&s=58&guid=000001776d5c7cce8777ecb03647cfd5&src=GD_JOB_VIEW&t=SR&vt=w&cs=1_76e865b4&cb=1612447519875&jobListingId=3771926026
Pilot Flying J,10000+ Employees,"/static/img/banners/default-ei-banner.jpg,https://media.glassdoor.com/sql/5534/pilot-flying-j-squarelogo-1594837448527.png",Retail,general manager,Full-time,"Bismarck, ND",$36K - $81K ,Retail General Manager - Relocation Required,Easy Apply
Fargo Glass and Paint,N/A,/static/img/banners/default-ei-banner.jpg,N/A,auto glass technician,Full-time,"Bismarck, ND",,Commercial Glass Installer - Glazier,https://www.glassdoor.com/partner/jobListing.htm?pos=106&ao=1044077&s=58&guid=000001776d5c7cce8777ecb03647cfd5&src=GD_JOB_VIEW&t=SR&vt=w&cs=1_010d0857&cb=1612447520788&jobListingId=3680028932
Talkspace,51 to 200 Employees,"/static/img/banners/default-ei-banner.jpg,https://media.glassdoor.com/sql/1284778/talkspace-squarelogo-1497516850457.png",Health Care,mental health counselor,Full-time,"Bismarck, ND",$23K - $39K ,Mental Health Counselor,https://www.glassdoor.com/partner/jobListing.htm?pos=107&ao=1044074&s=58&guid=000001776d5c7cce8777ecb03647cfd5&src=GD_JOB_VIEW&t=SR&vt=w&cs=1_76e865b4&cb=1612447521100&jobListingId=3771926026
Wendy's / COS,N/A,/static/img/banners/default-ei-banner.jpg,N/A,restaurant manager,Full-time,"Bismarck, ND",,Restaurant Manager,https://www.glassdoor.com/partner/jobListing.htm?pos=105&ao=1044077&s=58&guid=000001776d5c7cce8777ecb03647cfd5&src=GD_JOB_VIEW&t=SR&vt=w&cs=1_2af80fc6&cb=1612447521108&jobListingId=3628848294
Wendy's / COS,N/A,/static/img/banners/default-ei-banner.jpg,N/A,restaurant manager,Full-time,"Bismarck, ND",,Restaurant Manager,https://www.glassdoor.com/partner/jobListing.htm?pos=105&ao=1044077&s=58&guid=000001776d5c7cce8777ecb03647cfd5&src=GD_JOB_VIEW&t=SR&vt=w&cs=1_2af80fc6&cb=1612447521847&jobListingId=3628848294
Wendy's / COS,N/A,/static/img/banners/default-ei-banner.jpg,N/A,restaurant manager,Full-time,"Bismarck, ND",,Restaurant Manager,https://www.glassdoor.com/partner/jobListing.htm?pos=105&ao=1044077&s=58&guid=000001776d5c7cce8777ecb03647cfd5&src=GD_JOB_VIEW&t=SR&vt=w&cs=1_2af80fc6&cb=1612447522377&jobListingId=3628848294
Midnite Express,N/A,/static/img/banners/default-ei-banner.jpg,N/A,owner operator,Full-time,"Bismarck, ND",,Class A CDL Truck Drivers - OTR Drivers & Owner Operators,https://www.glassdoor.com/partner/jobListing.htm?pos=109&ao=1044077&s=58&guid=000001776d5c7cce8777ecb03647cfd5&src=GD_JOB_VIEW&t=SR&vt=w&cs=1_7d23faa6&cb=1612447523467&jobListingId=3812482227
Fargo Glass and Paint,N/A,/static/img/banners/default-ei-banner.jpg,N/A,auto glass technician,Full-time,"Bismarck, ND",,Commercial Glass Installer - Glazier,https://www.glassdoor.com/partner/jobListing.htm?pos=106&ao=1044077&s=58&guid=000001776d5c7cce8777ecb03647cfd5&src=GD_JOB_VIEW&t=SR&vt=w&cs=1_010d0857&cb=1612447523678&jobListingId=3680028932
Centennial Homes,51 to 200 Employees,"/static/img/banners/default-ei-banner.jpg,https://media.glassdoor.com/sql/145501/centennial-homes-squarelogo-1429594663693.png",Real Estate,carpenter,Full-time,"Bismarck, ND",,Tape and Texture Finish Carpenter/Warranty Tech,Easy Apply
gpac,201 to 500 Employees,"/static/img/banners/default-ei-banner.jpg,https://media.glassdoor.com/sql/731572/gpac-squarelogo-1424761412590.png",Business Services,consultant,Full-time,"Bismarck, ND",$70K - $195K ,Executive Search Consultant,Easy Apply
Pilot Flying J,10000+ Employees,"/static/img/banners/default-ei-banner.jpg,https://media.glassdoor.com/sql/5534/pilot-flying-j-squarelogo-1594837448527.png",Retail,general manager,Full-time,"Bismarck, ND",$36K - $81K ,Retail General Manager - Relocation Required,Easy Apply
Enterprise Holdings,10000+ Employees,"/static/img/banners/default-ei-banner.jpg,https://media.glassdoor.com/sql/354335/enterprise-holdings-squarelogo-1381172895997.png",Travel & Tourism,sales manager,Apprentice/Trainee,"Bismarck, ND",$39K - $96K ,Sales Management Trainee,https://www.glassdoor.com/partner/jobListing.htm?pos=129&ao=1044074&s=58&guid=000001776d5c7cce8777ecb03647cfd5&src=GD_JOB_VIEW&t=SR&vt=w&cs=1_75289acf&cb=1612447526464&jobListingId=3784124899
Cassia,5001 to 10000 Employees,"/static/img/banners/default-ei-banner.jpg,https://media.glassdoor.com/sql/3334656/cassia-mn-squarelogo-1606941234779.png",Health Care,certified nursing assistant,Part-time,"Bismarck, ND",,"Certified Nursing Assistants (CNAs)- PT Day 1,500 Bonus",https://www.glassdoor.com/partner/jobListing.htm?pos=128&ao=1044074&s=58&guid=000001776d5c7cce8777ecb03647cfd5&src=GD_JOB_VIEW&t=SR&vt=w&cs=1_544ca814&cb=1612447526577&jobListingId=3798993508
Cassia,5001 to 10000 Employees,"/static/img/banners/default-ei-banner.jpg,https://media.glassdoor.com/sql/3334656/cassia-mn-squarelogo-1606941234779.png",Health Care,certified nursing assistant,Full-time,"Bismarck, ND",,"Certified Nursing Assistant (CNA)- FT Day, 3000 Bonus",https://www.glassdoor.com/partner/jobListing.htm?pos=125&ao=1044074&s=58&guid=000001776d5c7cce8777ecb03647cfd5&src=GD_JOB_VIEW&t=SR&vt=w&cs=1_1b0ecf83&cb=1612447527079&jobListingId=3798993474
Confidential,N/A,/static/img/banners/default-ei-banner.jpg,N/A,sales manager,Full-time,"Bismarck, ND",,Director of Sales,Easy Apply
Northland PACE,N/A,/static/img/banners/default-ei-banner.jpg,N/A,registered nurse case manager,Full-time,"Bismarck, ND",,"Clinic Case Manager - Nurse (RN) - Bismarck, ND",Easy Apply
Cassia,5001 to 10000 Employees,"/static/img/banners/default-ei-banner.jpg,https://media.glassdoor.com/sql/3334656/cassia-mn-squarelogo-1606941234779.png",Health Care,medical assistant,Full-time,"Bismarck, ND",,"Certified Medication Assistant (CMA), FT Day",https://www.glassdoor.com/partner/jobListing.htm?pos=122&ao=1044074&s=58&guid=000001776d5c7cce8777ecb03647cfd5&src=GD_JOB_VIEW&t=SR&vt=w&cs=1_db7dbb6b&cb=1612447527745&jobListingId=3807983610
Fargo Glass and Paint,N/A,/static/img/banners/default-ei-banner.jpg,N/A,auto glass technician,Full-time,"Bismarck, ND",,Commercial Glass Installer - Glazier,https://www.glassdoor.com/partner/jobListing.htm?pos=106&ao=1044077&s=58&guid=000001776d5c7cce8777ecb03647cfd5&src=GD_JOB_VIEW&t=SR&vt=w&cs=1_010d0857&cb=1612447527211&jobListingId=3680028932
Wendy's of Colorado Springs,N/A,/static/img/banners/default-ei-banner.jpg,N/A,district manager,Full-time,"Bismarck, ND",,District Manager,Easy Apply
Super Kids Jr Academy,N/A,/static/img/banners/default-ei-banner.jpg,N/A,other,Part-time,"Bismarck, ND",,Exciting opening for 3 Part Time Specialists to have fun with children!,Easy Apply
Talkspace,51 to 200 Employees,"/static/img/banners/default-ei-banner.jpg,https://media.glassdoor.com/sql/1284778/talkspace-squarelogo-1497516850457.png",Health Care,psychologist,Full-time,"Bismarck, ND",$62K - $115K ,Counselor Psychologist,https://www.glassdoor.com/partner/jobListing.htm?pos=119&ao=1044074&s=58&guid=000001776d5c7cce8777ecb03647cfd5&src=GD_JOB_VIEW&t=SR&vt=w&cs=1_4c15602f&cb=1612447529653&jobListingId=3771713058
Prestwich Orthodontics,N/A,/static/img/banners/default-ei-banner.jpg,N/A,dental assistant,Part-time,"Bismarck, ND",,Dental Assistant,Easy Apply
"Lighthouse Commodities, LLC",N/A,/static/img/banners/default-ei-banner.jpg,N/A,controller,Full-time,"Bismarck, ND",,Grain Controller,Easy Apply
Yanish Custom Exteriors,N/A,/static/img/banners/default-ei-banner.jpg,N/A,installer,Full-time,"Bismarck, ND",,Lead Carpenter/ Window Installer,Easy Apply
Harlow's School Bus Service,N/A,/static/img/banners/default-ei-banner.jpg,N/A,school bus driver,Part-time,"Bismarck, ND",,School Bus Driver,Easy Apply
Talkspace,51 to 200 Employees,"/static/img/banners/default-ei-banner.jpg,https://media.glassdoor.com/sql/1284778/talkspace-squarelogo-1497516850457.png",Health Care,counselor,Full-time,"Bismarck, ND",$28K - $52K ,Counselor,https://www.glassdoor.com/partner/jobListing.htm?pos=120&ao=1044074&s=58&guid=000001776d5c7cce8777ecb03647cfd5&src=GD_JOB_VIEW&t=SR&vt=w&cs=1_df4a78a6&cb=1612447532155&jobListingId=3771926113
Altru Health System,N/A,/static/img/banners/default-ei-banner.jpg,N/A,registered nurse,Part-time,"Bismarck, ND",,"Registered Nurse (RN) $10K-$15K sign-on bonus, Grand Forks, ND",Easy Apply
Talkspace,51 to 200 Employees,"/static/img/banners/default-ei-banner.jpg,https://media.glassdoor.com/sql/1284778/talkspace-squarelogo-1497516850457.png",Health Care,mental health counselor,Full-time,"Bismarck, ND",$23K - $39K ,Mental Health Counselor,https://www.glassdoor.com/partner/jobListing.htm?pos=107&ao=1044074&s=58&guid=000001776d5c7cce8777ecb03647cfd5&src=GD_JOB_VIEW&t=SR&vt=w&cs=1_76e865b4&cb=1612447534309&jobListingId=3771926026
Talkspace,51 to 200 Employees,"/static/img/banners/default-ei-banner.jpg,https://media.glassdoor.com/sql/1284778/talkspace-squarelogo-1497516850457.png",Health Care,social worker,Full-time,"Bismarck, ND",$32K - $56K ,Social Worker,https://www.glassdoor.com/partner/jobListing.htm?pos=114&ao=1044074&s=58&guid=000001776d5c7cce8777ecb03647cfd5&src=GD_JOB_VIEW&t=SR&vt=w&cs=1_04974c2f&cb=1612447535220&jobListingId=3771926056
RDO Equipment Co.,1001 to 5000 Employees,"/static/img/banners/default-ei-banner.jpg,https://media.glassdoor.com/sql/6447/rdo-equipment-squarelogo-1522702122680.png","Construction, Repair & Maintenance",truck driver,Full-time,"Bismarck, ND",,Over The Road Truck Driver,https://www.glassdoor.com/partner/jobListing.htm?pos=112&ao=1044074&s=58&guid=000001776d5c7cce8777ecb03647cfd5&src=GD_JOB_VIEW&t=SR&vt=w&cs=1_c9a7dee7&cb=1612447535627&jobListingId=3806967202
Midnite Express,N/A,/static/img/banners/default-ei-banner.jpg,N/A,owner operator,Full-time,"Bismarck, ND",,Class A CDL Truck Drivers - OTR Drivers & Owner Operators,https://www.glassdoor.com/partner/jobListing.htm?pos=109&ao=1044077&s=58&guid=000001776d5c7cce8777ecb03647cfd5&src=GD_JOB_VIEW&t=SR&vt=w&cs=1_7d23faa6&cb=1612447536051&jobListingId=3812482227
Northwestern Mutual,5001 to 10000 Employees,"https://media.glassdoor.com/banner/bh/2919/northwestern-mutual-banner-1509400213102.jpg,https://media.glassdoor.com/sql/2919/northwestern-mutual-squarelogo-1505752677735.png",Finance,financial advisor,Full-time,"Bismarck, ND",,Financial Advisor,Easy Apply
Talkspace,51 to 200 Employees,"/static/img/banners/default-ei-banner.jpg,https://media.glassdoor.com/sql/1284778/talkspace-squarelogo-1497516850457.png",Health Care,mental health counselor,Full-time,"Bismarck, ND",$23K - $39K ,Independently Licensed Mental Health Counselor,https://www.glassdoor.com/partner/jobListing.htm?pos=104&ao=1044074&s=58&guid=000001776d5c7cce8777ecb03647cfd5&src=GD_JOB_VIEW&t=SR&vt=w&cs=1_08633835&cb=1612447536421&jobListingId=3771713075
Fargo Glass and Paint,N/A,/static/img/banners/default-ei-banner.jpg,N/A,auto glass technician,Full-time,"Bismarck, ND",,Commercial Glass Installer - Glazier,https://www.glassdoor.com/partner/jobListing.htm?pos=106&ao=1044077&s=58&guid=000001776d5c7cce8777ecb03647cfd5&src=GD_JOB_VIEW&t=SR&vt=w&cs=1_010d0857&cb=1612447536262&jobListingId=3680028932
BioLife Plasma Services,1001 to 5000 Employees,"https://media.glassdoor.com/banner/bh/232481/biolife-plasma-services-banner-1553467037105.jpg,https://media.glassdoor.com/sql/232481/biolife-plasma-services-squarelogo-1387224330987.png",Health Care,data center technician,Full-time,"Bismarck, ND",$34K - $71K ,Plasma Center Technician Hiring Event,https://www.glassdoor.com/partner/jobListing.htm?pos=115&ao=1044074&s=58&guid=000001776d5c7cce8777ecb03647cfd5&src=GD_JOB_VIEW&t=SR&vt=w&cs=1_66bc18b6&cb=1612447536799&jobListingId=3804776976
Northland PACE,N/A,/static/img/banners/default-ei-banner.jpg,N/A,nurse practitioner,Full-time,"Bismarck, ND",,Geriatric Nurse Practitioner,Easy Apply
Talkspace,51 to 200 Employees,"/static/img/banners/default-ei-banner.jpg,https://media.glassdoor.com/sql/1284778/talkspace-squarelogo-1497516850457.png",Health Care,mental health therapist,Full-time,"Bismarck, ND",$29K - $52K ,Outpatient Counselor,https://www.glassdoor.com/partner/jobListing.htm?pos=103&ao=1044074&s=58&guid=000001776d5c7cce8777ecb03647cfd5&src=GD_JOB_VIEW&t=SR&vt=w&cs=1_17d88fcf&cb=1612447537199&jobListingId=3771926102
Harlow's School Bus Service,N/A,/static/img/banners/default-ei-banner.jpg,N/A,automotive technician,Full-time,"Bismarck, ND",,Bus & Truck Technician,Easy Apply
Wendy's / COS,N/A,/static/img/banners/default-ei-banner.jpg,N/A,restaurant manager,Full-time,"Bismarck, ND",,Restaurant Manager,https://www.glassdoor.com/partner/jobListing.htm?pos=105&ao=1044077&s=58&guid=000001776d5c7cce8777ecb03647cfd5&src=GD_JOB_VIEW&t=SR&vt=w&cs=1_2af80fc6&cb=1612447537783&jobListingId=3628848294
Pilot Flying J,10000+ Employees,"/static/img/banners/default-ei-banner.jpg,https://media.glassdoor.com/sql/5534/pilot-flying-j-squarelogo-1594837448527.png",Retail,general manager,Full-time,"Bismarck, ND",$36K - $81K ,Retail General Manager - Relocation Required,Easy Apply
"Prairie View Landscaping & Nursery, Inc.",N/A,/static/img/banners/default-ei-banner.jpg,N/A,landscape architect,Full-time,"Bismarck, ND",,Landscape Design & Sales,Easy Apply
hibu Inc,1001 to 5000 Employees,"https://media.glassdoor.com/banner/bh/7640/hibu-banner-1544735233621.jpg,https://media.glassdoor.com/sql/7640/hibu-squarelogo-1541795936450.png",Business Services,outside sales representative,Full-time,"Bismarck, ND",,Outside Sales Representative - B2B,Easy Apply
gpac,201 to 500 Employees,"/static/img/banners/default-ei-banner.jpg,https://media.glassdoor.com/sql/731572/gpac-squarelogo-1424761412590.png",Business Services,consultant,Full-time,"Bismarck, ND",$70K - $195K ,Executive Search Consultant,Easy Apply
Talkspace,51 to 200 Employees,"/static/img/banners/default-ei-banner.jpg,https://media.glassdoor.com/sql/1284778/talkspace-squarelogo-1497516850457.png",Health Care,mental health counselor,Full-time,"Bismarck, ND",$23K - $39K ,Independently Licensed Mental Health Counselor,https://www.glassdoor.com/partner/jobListing.htm?pos=104&ao=1044074&s=58&guid=000001776d5c7cce8777ecb03647cfd5&src=GD_JOB_VIEW&t=SR&vt=w&cs=1_08633835&cb=1612447540084&jobListingId=3771713075
Centennial Homes,51 to 200 Employees,"/static/img/banners/default-ei-banner.jpg,https://media.glassdoor.com/sql/145501/centennial-homes-squarelogo-1429594663693.png",Real Estate,carpenter,Full-time,"Bismarck, ND",,Tape and Texture Finish Carpenter/Warranty Tech,Easy Apply
Enterprise Holdings,10000+ Employees,"/static/img/banners/default-ei-banner.jpg,https://media.glassdoor.com/sql/354335/enterprise-holdings-squarelogo-1381172895997.png",Travel & Tourism,sales manager,Apprentice/Trainee,"Bismarck, ND",$39K - $96K ,Sales Management Trainee,https://www.glassdoor.com/partner/jobListing.htm?pos=129&ao=1044074&s=58&guid=000001776d5c7cce8777ecb03647cfd5&src=GD_JOB_VIEW&t=SR&vt=w&cs=1_75289acf&cb=1612447541148&jobListingId=3784124899
Cassia,5001 to 10000 Employees,"/static/img/banners/default-ei-banner.jpg,https://media.glassdoor.com/sql/3334656/cassia-mn-squarelogo-1606941234779.png",Health Care,certified nursing assistant,Part-time,"Bismarck, ND",,"Certified Nursing Assistants (CNAs)- PT Day 1,500 Bonus",https://www.glassdoor.com/partner/jobListing.htm?pos=128&ao=1044074&s=58&guid=000001776d5c7cce8777ecb03647cfd5&src=GD_JOB_VIEW&t=SR&vt=w&cs=1_544ca814&cb=1612447542389&jobListingId=3798993508
Enterprise Holdings,10000+ Employees,"/static/img/banners/default-ei-banner.jpg,https://media.glassdoor.com/sql/354335/enterprise-holdings-squarelogo-1381172895997.png",Travel & Tourism,sales manager,Apprentice/Trainee,"Bismarck, ND",$39K - $96K ,Sales Management Trainee,https://www.glassdoor.com/partner/jobListing.htm?pos=129&ao=1044074&s=58&guid=000001776d5c7cce8777ecb03647cfd5&src=GD_JOB_VIEW&t=SR&vt=w&cs=1_75289acf&cb=1612447543193&jobListingId=3784124899
Centennial Homes,51 to 200 Employees,"/static/img/banners/default-ei-banner.jpg,https://media.glassdoor.com/sql/145501/centennial-homes-squarelogo-1429594663693.png",Real Estate,carpenter,Full-time,"Bismarck, ND",,Tape and Texture Finish Carpenter/Warranty Tech,Easy Apply
Wendy's of Colorado Springs,N/A,/static/img/banners/default-ei-banner.jpg,N/A,district manager,Full-time,"Bismarck, ND",,District Manager,Easy Apply
Cassia,5001 to 10000 Employees,"/static/img/banners/default-ei-banner.jpg,https://media.glassdoor.com/sql/3334656/cassia-mn-squarelogo-1606941234779.png",Health Care,certified nursing assistant,Part-time,"Bismarck, ND",,"Certified Nursing Assistants (CNAs)- PT Day 1,500 Bonus",https://www.glassdoor.com/partner/jobListing.htm?pos=128&ao=1044074&s=58&guid=000001776d5c7cce8777ecb03647cfd5&src=GD_JOB_VIEW&t=SR&vt=w&cs=1_544ca814&cb=1612447543970&jobListingId=3798993508
Centennial Homes,51 to 200 Employees,"/static/img/banners/default-ei-banner.jpg,https://media.glassdoor.com/sql/145501/centennial-homes-squarelogo-1429594663693.png",Real Estate,carpenter,Full-time,"Bismarck, ND",,Tape and Texture Finish Carpenter/Warranty Tech,Easy Apply
Wendy's of Colorado Springs,N/A,/static/img/banners/default-ei-banner.jpg,N/A,district manager,Full-time,"Bismarck, ND",,District Manager,Easy Apply
Cassia,5001 to 10000 Employees,"/static/img/banners/default-ei-banner.jpg,https://media.glassdoor.com/sql/3334656/cassia-mn-squarelogo-1606941234779.png",Health Care,certified nursing assistant,Part-time,"Bismarck, ND",,"Certified Nursing Assistants (CNAs)- PT Day 1,500 Bonus",https://www.glassdoor.com/partner/jobListing.htm?pos=128&ao=1044074&s=58&guid=000001776d5c7cce8777ecb03647cfd5&src=GD_JOB_VIEW&t=SR&vt=w&cs=1_544ca814&cb=1612447547363&jobListingId=3798993508
Northland PACE,N/A,/static/img/banners/default-ei-banner.jpg,N/A,registered nurse case manager,Full-time,"Bismarck, ND",,"Clinic Case Manager - Nurse (RN) - Bismarck, ND",Easy Apply
Northland PACE,N/A,/static/img/banners/default-ei-banner.jpg,N/A,registered nurse case manager,Full-time,"Bismarck, ND",,"Clinic Case Manager - Nurse (RN) - Bismarck, ND",Easy Apply
Wendy's of Colorado Springs,N/A,/static/img/banners/default-ei-banner.jpg,N/A,district manager,Full-time,"Bismarck, ND",,District Manager,Easy Apply
Cassia,5001 to 10000 Employees,"/static/img/banners/default-ei-banner.jpg,https://media.glassdoor.com/sql/3334656/cassia-mn-squarelogo-1606941234779.png",Health Care,certified nursing assistant,Full-time,"Bismarck, ND",,"Certified Nursing Assistant (CNA)- FT Day, 3000 Bonus",https://www.glassdoor.com/partner/jobListing.htm?pos=125&ao=1044074&s=58&guid=000001776d5c7cce8777ecb03647cfd5&src=GD_JOB_VIEW&t=SR&vt=w&cs=1_1b0ecf83&cb=1612447549423&jobListingId=3798993474
Enterprise Holdings,10000+ Employees,"/static/img/banners/default-ei-banner.jpg,https://media.glassdoor.com/sql/354335/enterprise-holdings-squarelogo-1381172895997.png",Travel & Tourism,sales manager,Apprentice/Trainee,"Bismarck, ND",$39K - $96K ,Sales Management Trainee,https://www.glassdoor.com/partner/jobListing.htm?pos=129&ao=1044074&s=58&guid=000001776d5c7cce8777ecb03647cfd5&src=GD_JOB_VIEW&t=SR&vt=w&cs=1_75289acf&cb=1612447549565&jobListingId=3784124899
Northland PACE,N/A,/static/img/banners/default-ei-banner.jpg,N/A,registered nurse case manager,Full-time,"Bismarck, ND",,"Clinic Case Manager - Nurse (RN) - Bismarck, ND",Easy Apply
Confidential,N/A,/static/img/banners/default-ei-banner.jpg,N/A,sales manager,Full-time,"Bismarck, ND",,Director of Sales,Easy Apply
Cassia,5001 to 10000 Employees,"/static/img/banners/default-ei-banner.jpg,https://media.glassdoor.com/sql/3334656/cassia-mn-squarelogo-1606941234779.png",Health Care,certified nursing assistant,Full-time,"Bismarck, ND",,"Certified Nursing Assistant (CNA)- FT Day, 3000 Bonus",https://www.glassdoor.com/partner/jobListing.htm?pos=125&ao=1044074&s=58&guid=000001776d5c7cce8777ecb03647cfd5&src=GD_JOB_VIEW&t=SR&vt=w&cs=1_1b0ecf83&cb=1612447552833&jobListingId=3798993474
Confidential,N/A,/static/img/banners/default-ei-banner.jpg,N/A,sales manager,Full-time,"Bismarck, ND",,Director of Sales,Easy Apply
"Lighthouse Commodities, LLC",N/A,/static/img/banners/default-ei-banner.jpg,N/A,controller,Full-time,"Bismarck, ND",,Grain Controller,Easy Apply
Cassia,5001 to 10000 Employees,"/static/img/banners/default-ei-banner.jpg,https://media.glassdoor.com/sql/3334656/cassia-mn-squarelogo-1606941234779.png",Health Care,certified nursing assistant,Full-time,"Bismarck, ND",,"Certified Nursing Assistant (CNA)- FT Day, 3000 Bonus",https://www.glassdoor.com/partner/jobListing.htm?pos=125&ao=1044074&s=58&guid=000001776d5c7cce8777ecb03647cfd5&src=GD_JOB_VIEW&t=SR&vt=w&cs=1_1b0ecf83&cb=1612447554147&jobListingId=3798993474
Confidential,N/A,/static/img/banners/default-ei-banner.jpg,N/A,sales manager,Full-time,"Bismarck, ND",,Director of Sales,Easy Apply
"Lighthouse Commodities, LLC",N/A,/static/img/banners/default-ei-banner.jpg,N/A,controller,Full-time,"Bismarck, ND",,Grain Controller,Easy Apply
Cassia,5001 to 10000 Employees,"/static/img/banners/default-ei-banner.jpg,https://media.glassdoor.com/sql/3334656/cassia-mn-squarelogo-1606941234779.png",Health Care,medical assistant,Full-time,"Bismarck, ND",,"Certified Medication Assistant (CMA), FT Day",https://www.glassdoor.com/partner/jobListing.htm?pos=122&ao=1044074&s=58&guid=000001776d5c7cce8777ecb03647cfd5&src=GD_JOB_VIEW&t=SR&vt=w&cs=1_db7dbb6b&cb=1612447558312&jobListingId=3807983610
"Lighthouse Commodities, LLC",N/A,/static/img/banners/default-ei-banner.jpg,N/A,controller,Full-time,"Bismarck, ND",,Grain Controller,Easy Apply
Talkspace,51 to 200 Employees,"/static/img/banners/default-ei-banner.jpg,https://media.glassdoor.com/sql/1284778/talkspace-squarelogo-1497516850457.png",Health Care,counselor,Full-time,"Bismarck, ND",$28K - $52K ,Counselor,https://www.glassdoor.com/partner/jobListing.htm?pos=120&ao=1044074&s=58&guid=000001776d5c7cce8777ecb03647cfd5&src=GD_JOB_VIEW&t=SR&vt=w&cs=1_df4a78a6&cb=1612447561971&jobListingId=3771926113
Super Kids Jr Academy,N/A,/static/img/banners/default-ei-banner.jpg,N/A,other,Part-time,"Bismarck, ND",,Exciting opening for 3 Part Time Specialists to have fun with children!,Easy Apply
Super Kids Jr Academy,N/A,/static/img/banners/default-ei-banner.jpg,N/A,other,Part-time,"Bismarck, ND",,Exciting opening for 3 Part Time Specialists to have fun with children!,Easy Apply
Talkspace,51 to 200 Employees,"/static/img/banners/default-ei-banner.jpg,https://media.glassdoor.com/sql/1284778/talkspace-squarelogo-1497516850457.png",Health Care,counselor,Full-time,"Bismarck, ND",$28K - $52K ,Counselor,https://www.glassdoor.com/partner/jobListing.htm?pos=120&ao=1044074&s=58&guid=000001776d5c7cce8777ecb03647cfd5&src=GD_JOB_VIEW&t=SR&vt=w&cs=1_df4a78a6&cb=1612447564727&jobListingId=3771926113
Super Kids Jr Academy,N/A,/static/img/banners/default-ei-banner.jpg,N/A,other,Part-time,"Bismarck, ND",,Exciting opening for 3 Part Time Specialists to have fun with children!,Easy Apply
Talkspace,51 to 200 Employees,"/static/img/banners/default-ei-banner.jpg,https://media.glassdoor.com/sql/1284778/talkspace-squarelogo-1497516850457.png",Health Care,counselor,Full-time,"Bismarck, ND",$28K - $52K ,Counselor,https://www.glassdoor.com/partner/jobListing.htm?pos=120&ao=1044074&s=58&guid=000001776d5c7cce8777ecb03647cfd5&src=GD_JOB_VIEW&t=SR&vt=w&cs=1_df4a78a6&cb=1612447565784&jobListingId=3771926113
Cassia,5001 to 10000 Employees,"/static/img/banners/default-ei-banner.jpg,https://media.glassdoor.com/sql/3334656/cassia-mn-squarelogo-1606941234779.png",Health Care,medical assistant,Full-time,"Bismarck, ND",,"Certified Medication Assistant (CMA), FT Day",https://www.glassdoor.com/partner/jobListing.htm?pos=122&ao=1044074&s=58&guid=000001776d5c7cce8777ecb03647cfd5&src=GD_JOB_VIEW&t=SR&vt=w&cs=1_db7dbb6b&cb=1612447566771&jobListingId=3807983610
Talkspace,51 to 200 Employees,"/static/img/banners/default-ei-banner.jpg,https://media.glassdoor.com/sql/1284778/talkspace-squarelogo-1497516850457.png",Health Care,psychologist,Full-time,"Bismarck, ND",$62K - $115K ,Counselor Psychologist,https://www.glassdoor.com/partner/jobListing.htm?pos=119&ao=1044074&s=58&guid=000001776d5c7cce8777ecb03647cfd5&src=GD_JOB_VIEW&t=SR&vt=w&cs=1_4c15602f&cb=1612447566956&jobListingId=3771713058
Yanish Custom Exteriors,N/A,/static/img/banners/default-ei-banner.jpg,N/A,installer,Full-time,"Bismarck, ND",,Lead Carpenter/ Window Installer,Easy Apply
Prestwich Orthodontics,N/A,/static/img/banners/default-ei-banner.jpg,N/A,dental assistant,Part-time,"Bismarck, ND",,Dental Assistant,Easy Apply
Prestwich Orthodontics,N/A,/static/img/banners/default-ei-banner.jpg,N/A,dental assistant,Part-time,"Bismarck, ND",,Dental Assistant,Easy Apply
Talkspace,51 to 200 Employees,"/static/img/banners/default-ei-banner.jpg,https://media.glassdoor.com/sql/1284778/talkspace-squarelogo-1497516850457.png",Health Care,psychologist,Full-time,"Bismarck, ND",$62K - $115K ,Counselor Psychologist,https://www.glassdoor.com/partner/jobListing.htm?pos=119&ao=1044074&s=58&guid=000001776d5c7cce8777ecb03647cfd5&src=GD_JOB_VIEW&t=SR&vt=w&cs=1_4c15602f&cb=1612447569550&jobListingId=3771713058
Talkspace,51 to 200 Employees,"/static/img/banners/default-ei-banner.jpg,https://media.glassdoor.com/sql/1284778/talkspace-squarelogo-1497516850457.png",Health Care,psychologist,Full-time,"Bismarck, ND",$62K - $115K ,Counselor Psychologist,https://www.glassdoor.com/partner/jobListing.htm?pos=119&ao=1044074&s=58&guid=000001776d5c7cce8777ecb03647cfd5&src=GD_JOB_VIEW&t=SR&vt=w&cs=1_4c15602f&cb=1612447569702&jobListingId=3771713058
Cassia,5001 to 10000 Employees,"/static/img/banners/default-ei-banner.jpg,https://media.glassdoor.com/sql/3334656/cassia-mn-squarelogo-1606941234779.png",Health Care,medical assistant,Full-time,"Bismarck, ND",,"Certified Medication Assistant (CMA), FT Day",https://www.glassdoor.com/partner/jobListing.htm?pos=122&ao=1044074&s=58&guid=000001776d5c7cce8777ecb03647cfd5&src=GD_JOB_VIEW&t=SR&vt=w&cs=1_db7dbb6b&cb=1612447566543&jobListingId=3807983610
Yanish Custom Exteriors,N/A,/static/img/banners/default-ei-banner.jpg,N/A,installer,Full-time,"Bismarck, ND",,Lead Carpenter/ Window Installer,Easy Apply
Prestwich Orthodontics,N/A,/static/img/banners/default-ei-banner.jpg,N/A,dental assistant,Part-time,"Bismarck, ND",,Dental Assistant,Easy Apply
Harlow's School Bus Service,N/A,/static/img/banners/default-ei-banner.jpg,N/A,school bus driver,Part-time,"Bismarck, ND",,School Bus Driver,Easy Apply
BioLife Plasma Services,1001 to 5000 Employees,"https://media.glassdoor.com/banner/bh/232481/biolife-plasma-services-banner-1553467037105.jpg,https://media.glassdoor.com/sql/232481/biolife-plasma-services-squarelogo-1387224330987.png",Health Care,data center technician,Full-time,"Bismarck, ND",$34K - $71K ,Plasma Center Technician Hiring Event,https://www.glassdoor.com/partner/jobListing.htm?pos=115&ao=1044074&s=58&guid=000001776d5c7cce8777ecb03647cfd5&src=GD_JOB_VIEW&t=SR&vt=w&cs=1_66bc18b6&cb=1612447573572&jobListingId=3804776976
BioLife Plasma Services,1001 to 5000 Employees,"https://media.glassdoor.com/banner/bh/232481/biolife-plasma-services-banner-1553467037105.jpg,https://media.glassdoor.com/sql/232481/biolife-plasma-services-squarelogo-1387224330987.png",Health Care,data center technician,Full-time,"Bismarck, ND",$34K - $71K ,Plasma Center Technician Hiring Event,https://www.glassdoor.com/partner/jobListing.htm?pos=115&ao=1044074&s=58&guid=000001776d5c7cce8777ecb03647cfd5&src=GD_JOB_VIEW&t=SR&vt=w&cs=1_66bc18b6&cb=1612447574116&jobListingId=3804776976
Talkspace,51 to 200 Employees,"/static/img/banners/default-ei-banner.jpg,https://media.glassdoor.com/sql/1284778/talkspace-squarelogo-1497516850457.png",Health Care,social worker,Full-time,"Bismarck, ND",$32K - $56K ,Social Worker,https://www.glassdoor.com/partner/jobListing.htm?pos=114&ao=1044074&s=58&guid=000001776d5c7cce8777ecb03647cfd5&src=GD_JOB_VIEW&t=SR&vt=w&cs=1_04974c2f&cb=1612447574186&jobListingId=3771926056
Harlow's School Bus Service,N/A,/static/img/banners/default-ei-banner.jpg,N/A,school bus driver,Part-time,"Bismarck, ND",,School Bus Driver,Easy Apply
Talkspace,51 to 200 Employees,"/static/img/banners/default-ei-banner.jpg,https://media.glassdoor.com/sql/1284778/talkspace-squarelogo-1497516850457.png",Health Care,social worker,Full-time,"Bismarck, ND",$32K - $56K ,Social Worker,https://www.glassdoor.com/partner/jobListing.htm?pos=114&ao=1044074&s=58&guid=000001776d5c7cce8777ecb03647cfd5&src=GD_JOB_VIEW&t=SR&vt=w&cs=1_04974c2f&cb=1612447575568&jobListingId=3771926056
RDO Equipment Co.,1001 to 5000 Employees,"/static/img/banners/default-ei-banner.jpg,https://media.glassdoor.com/sql/6447/rdo-equipment-squarelogo-1522702122680.png","Construction, Repair & Maintenance",truck driver,Full-time,"Bismarck, ND",,Over The Road Truck Driver,https://www.glassdoor.com/partner/jobListing.htm?pos=112&ao=1044074&s=58&guid=000001776d5c7cce8777ecb03647cfd5&src=GD_JOB_VIEW&t=SR&vt=w&cs=1_c9a7dee7&cb=1612447576812&jobListingId=3806967202
Altru Health System,N/A,/static/img/banners/default-ei-banner.jpg,N/A,registered nurse,Part-time,"Bismarck, ND",,"Registered Nurse (RN) $10K-$15K sign-on bonus, Grand Forks, ND",Easy Apply
Yanish Custom Exteriors,N/A,/static/img/banners/default-ei-banner.jpg,N/A,installer,Full-time,"Bismarck, ND",,Lead Carpenter/ Window Installer,Easy Apply
BioLife Plasma Services,1001 to 5000 Employees,"https://media.glassdoor.com/banner/bh/232481/biolife-plasma-services-banner-1553467037105.jpg,https://media.glassdoor.com/sql/232481/biolife-plasma-services-squarelogo-1387224330987.png",Health Care,data center technician,Full-time,"Bismarck, ND",$34K - $71K ,Plasma Center Technician Hiring Event,https://www.glassdoor.com/partner/jobListing.htm?pos=115&ao=1044074&s=58&guid=000001776d5c7cce8777ecb03647cfd5&src=GD_JOB_VIEW&t=SR&vt=w&cs=1_66bc18b6&cb=1612447577822&jobListingId=3804776976
Talkspace,51 to 200 Employees,"/static/img/banners/default-ei-banner.jpg,https://media.glassdoor.com/sql/1284778/talkspace-squarelogo-1497516850457.png",Health Care,social worker,Full-time,"Bismarck, ND",$32K - $56K ,Social Worker,https://www.glassdoor.com/partner/jobListing.htm?pos=114&ao=1044074&s=58&guid=000001776d5c7cce8777ecb03647cfd5&src=GD_JOB_VIEW&t=SR&vt=w&cs=1_04974c2f&cb=1612447579020&jobListingId=3771926056
RDO Equipment Co.,1001 to 5000 Employees,"/static/img/banners/default-ei-banner.jpg,https://media.glassdoor.com/sql/6447/rdo-equipment-squarelogo-1522702122680.png","Construction, Repair & Maintenance",truck driver,Full-time,"Bismarck, ND",,Over The Road Truck Driver,https://www.glassdoor.com/partner/jobListing.htm?pos=112&ao=1044074&s=58&guid=000001776d5c7cce8777ecb03647cfd5&src=GD_JOB_VIEW&t=SR&vt=w&cs=1_c9a7dee7&cb=1612447578986&jobListingId=3806967202
RDO Equipment Co.,1001 to 5000 Employees,"/static/img/banners/default-ei-banner.jpg,https://media.glassdoor.com/sql/6447/rdo-equipment-squarelogo-1522702122680.png","Construction, Repair & Maintenance",truck driver,Full-time,"Bismarck, ND",,Over The Road Truck Driver,https://www.glassdoor.com/partner/jobListing.htm?pos=112&ao=1044074&s=58&guid=000001776d5c7cce8777ecb03647cfd5&src=GD_JOB_VIEW&t=SR&vt=w&cs=1_c9a7dee7&cb=1612447580019&jobListingId=3806967202
Altru Health System,N/A,/static/img/banners/default-ei-banner.jpg,N/A,registered nurse,Part-time,"Bismarck, ND",,"Registered Nurse (RN) $10K-$15K sign-on bonus, Grand Forks, ND",Easy Apply
Harlow's School Bus Service,N/A,/static/img/banners/default-ei-banner.jpg,N/A,school bus driver,Part-time,"Bismarck, ND",,School Bus Driver,Easy Apply
Northwestern Mutual,5001 to 10000 Employees,"https://media.glassdoor.com/banner/bh/2919/northwestern-mutual-banner-1509400213102.jpg,https://media.glassdoor.com/sql/2919/northwestern-mutual-squarelogo-1505752677735.png",Finance,financial advisor,Full-time,"Bismarck, ND",,Financial Advisor,Easy Apply
Northwestern Mutual,5001 to 10000 Employees,"https://media.glassdoor.com/banner/bh/2919/northwestern-mutual-banner-1509400213102.jpg,https://media.glassdoor.com/sql/2919/northwestern-mutual-squarelogo-1505752677735.png",Finance,financial advisor,Full-time,"Bismarck, ND",,Financial Advisor,Easy Apply
Altru Health System,N/A,/static/img/banners/default-ei-banner.jpg,N/A,registered nurse,Part-time,"Bismarck, ND",,"Registered Nurse (RN) $10K-$15K sign-on bonus, Grand Forks, ND",Easy Apply
Northland PACE,N/A,/static/img/banners/default-ei-banner.jpg,N/A,nurse practitioner,Full-time,"Bismarck, ND",,Geriatric Nurse Practitioner,Easy Apply
Talkspace,51 to 200 Employees,"/static/img/banners/default-ei-banner.jpg,https://media.glassdoor.com/sql/1284778/talkspace-squarelogo-1497516850457.png",Health Care,mental health counselor,Full-time,"Bismarck, ND",$23K - $39K ,Independently Licensed Mental Health Counselor,https://www.glassdoor.com/partner/jobListing.htm?pos=104&ao=1044074&s=58&guid=000001776d5c7cce8777ecb03647cfd5&src=GD_JOB_VIEW&t=SR&vt=w&cs=1_08633835&cb=1612447586233&jobListingId=3771713075
Northland PACE,N/A,/static/img/banners/default-ei-banner.jpg,N/A,nurse practitioner,Full-time,"Bismarck, ND",,Geriatric Nurse Practitioner,Easy Apply
Northland PACE,N/A,/static/img/banners/default-ei-banner.jpg,N/A,nurse practitioner,Full-time,"Bismarck, ND",,Geriatric Nurse Practitioner,Easy Apply
Midnite Express,N/A,/static/img/banners/default-ei-banner.jpg,N/A,owner operator,Full-time,"Bismarck, ND",,Class A CDL Truck Drivers - OTR Drivers & Owner Operators,https://www.glassdoor.com/partner/jobListing.htm?pos=109&ao=1044077&s=58&guid=000001776d5c7cce8777ecb03647cfd5&src=GD_JOB_VIEW&t=SR&vt=w&cs=1_7d23faa6&cb=1612447586648&jobListingId=3812482227
Harlow's School Bus Service,N/A,/static/img/banners/default-ei-banner.jpg,N/A,automotive technician,Full-time,"Bismarck, ND",,Bus & Truck Technician,Easy Apply
Talkspace,51 to 200 Employees,"/static/img/banners/default-ei-banner.jpg,https://media.glassdoor.com/sql/1284778/talkspace-squarelogo-1497516850457.png",Health Care,mental health counselor,Full-time,"Bismarck, ND",$23K - $39K ,Independently Licensed Mental Health Counselor,https://www.glassdoor.com/partner/jobListing.htm?pos=104&ao=1044074&s=58&guid=000001776d5c7cce8777ecb03647cfd5&src=GD_JOB_VIEW&t=SR&vt=w&cs=1_08633835&cb=1612447587888&jobListingId=3771713075
Harlow's School Bus Service,N/A,/static/img/banners/default-ei-banner.jpg,N/A,automotive technician,Full-time,"Bismarck, ND",,Bus & Truck Technician,Easy Apply
Talkspace,51 to 200 Employees,"/static/img/banners/default-ei-banner.jpg,https://media.glassdoor.com/sql/1284778/talkspace-squarelogo-1497516850457.png",Health Care,mental health therapist,Full-time,"Bismarck, ND",$29K - $52K ,Outpatient Counselor,https://www.glassdoor.com/partner/jobListing.htm?pos=103&ao=1044074&s=58&guid=000001776d5c7cce8777ecb03647cfd5&src=GD_JOB_VIEW&t=SR&vt=w&cs=1_17d88fcf&cb=1612447588284&jobListingId=3771926102
"Prairie View Landscaping & Nursery, Inc.",N/A,/static/img/banners/default-ei-banner.jpg,N/A,landscape architect,Full-time,"Bismarck, ND",,Landscape Design & Sales,Easy Apply
"Prairie View Landscaping & Nursery, Inc.",N/A,/static/img/banners/default-ei-banner.jpg,N/A,landscape architect,Full-time,"Bismarck, ND",,Landscape Design & Sales,Easy Apply
Talkspace,51 to 200 Employees,"/static/img/banners/default-ei-banner.jpg,https://media.glassdoor.com/sql/1284778/talkspace-squarelogo-1497516850457.png",Health Care,mental health therapist,Full-time,"Bismarck, ND",$29K - $52K ,Outpatient Counselor,https://www.glassdoor.com/partner/jobListing.htm?pos=103&ao=1044074&s=58&guid=000001776d5c7cce8777ecb03647cfd5&src=GD_JOB_VIEW&t=SR&vt=w&cs=1_17d88fcf&cb=1612447589398&jobListingId=3771926102
Talkspace,51 to 200 Employees,"/static/img/banners/default-ei-banner.jpg,https://media.glassdoor.com/sql/1284778/talkspace-squarelogo-1497516850457.png",Health Care,mental health therapist,Full-time,"Bismarck, ND",$29K - $52K ,Outpatient Counselor,https://www.glassdoor.com/partner/jobListing.htm?pos=103&ao=1044074&s=58&guid=000001776d5c7cce8777ecb03647cfd5&src=GD_JOB_VIEW&t=SR&vt=w&cs=1_17d88fcf&cb=1612447588486&jobListingId=3771926102
Harlow's School Bus Service,N/A,/static/img/banners/default-ei-banner.jpg,N/A,automotive technician,Full-time,"Bismarck, ND",,Bus & Truck Technician,Easy Apply
Northwestern Mutual,5001 to 10000 Employees,"https://media.glassdoor.com/banner/bh/2919/northwestern-mutual-banner-1509400213102.jpg,https://media.glassdoor.com/sql/2919/northwestern-mutual-squarelogo-1505752677735.png",Finance,financial advisor,Full-time,"Bismarck, ND",,Financial Advisor,Easy Apply
"Prairie View Landscaping & Nursery, Inc.",N/A,/static/img/banners/default-ei-banner.jpg,N/A,landscape architect,Full-time,"Bismarck, ND",,Landscape Design & Sales,Easy Apply
gpac,201 to 500 Employees,"/static/img/banners/default-ei-banner.jpg,https://media.glassdoor.com/sql/731572/gpac-squarelogo-1424761412590.png",Business Services,consultant,Full-time,"Bismarck, ND",$70K - $195K ,Executive Search Consultant,Easy Apply
hibu Inc,1001 to 5000 Employees,"https://media.glassdoor.com/banner/bh/7640/hibu-banner-1544735233621.jpg,https://media.glassdoor.com/sql/7640/hibu-squarelogo-1541795936450.png",Business Services,outside sales representative,Full-time,"Bismarck, ND",,Outside Sales Representative - B2B,Easy Apply
hibu Inc,1001 to 5000 Employees,"https://media.glassdoor.com/banner/bh/7640/hibu-banner-1544735233621.jpg,https://media.glassdoor.com/sql/7640/hibu-squarelogo-1541795936450.png",Business Services,outside sales representative,Full-time,"Bismarck, ND",,Outside Sales Representative - B2B,Easy Apply
hibu Inc,1001 to 5000 Employees,"https://media.glassdoor.com/banner/bh/7640/hibu-banner-1544735233621.jpg,https://media.glassdoor.com/sql/7640/hibu-squarelogo-1541795936450.png",Business Services,outside sales representative,Full-time,"Bismarck, ND",,Outside Sales Representative - B2B,Easy Apply
gpac,201 to 500 Employees,"/static/img/banners/default-ei-banner.jpg,https://media.glassdoor.com/sql/731572/gpac-squarelogo-1424761412590.png",Business Services,consultant,Full-time,"Bismarck, ND",$70K - $195K ,Executive Search Consultant,Easy Apply
